{
  "products": [
    {
      "id": 100,
      "name": "Metallic Dog Cage",
      "type": "simple",
      "sale_price": 6000,
      "regular_price": 6700,
      "currency": "Ksh",
      "images": [],
      "brand": "",
      "categories": "Dog Cages",
      "short_description": "",
      "description": "",
      "sku": "PEH100",
      "barcode": "",
      "manufacturer": "",
      "in_stock": true,
      "weight_kg": null,
      "dimensions_cm": {
        "length": null,
        "width": null,
        "height": null
      }
    },
    {
      "id": 101,
      "name": "Feedmixer and Grinder",
      "type": "simple",
      "sale_price": null,
      "regular_price": 390000,
      "currency": "Ksh",
      "images": [],
      "brand": "",
      "categories": "Feed Machines",
      "short_description": "",
      "description": "",
      "sku": "PEH101",
      "barcode": "",
      "manufacturer": "",
      "in_stock": true,
      "weight_kg": null,
      "dimensions_cm": {
        "length": null,
        "width": null,
        "height": null
      }
    },
    {
      "id": 102,
      "name": "600kg Pellet Machine",
      "type": "simple",
      "sale_price": null,
      "regular_price": 260000,
      "currency": "Ksh",
      "images": [],
      "brand": "",
      "categories": "Feed Machines",
      "short_description": "",
      "description": "",
      "sku": "PEH102",
      "barcode": "",
      "manufacturer": "",
      "in_stock": true,
      "weight_kg": null,
      "dimensions_cm": {
        "length": null,
        "width": null,
        "height": null
      }
    },
    {
      "id": 103,
      "name": "2 Tone Chaff Cutter Machine",
      "type": "simple",
      "sale_price": null,
      "regular_price": 240000,
      "currency": "Ksh",
      "images": [],
      "brand": "",
      "categories": "Feed Machines",
      "short_description": "",
      "description": "",
      "sku": "PEH103",
      "barcode": "",
      "manufacturer": "",
      "in_stock": true,
      "weight_kg": null,
      "dimensions_cm": {
        "length": null,
        "width": null,
        "height": null
      }
    },
    {
      "id": 104,
      "name": "Diesel Engine Pelletizing Machine",
      "type": "simple",
      "sale_price": null,
      "regular_price": 320000,
      "currency": "Ksh",
      "images": [],
      "brand": "",
      "categories": "Feed Machines",
      "short_description": "",
      "description": "",
      "sku": "PEH104",
      "barcode": "",
      "manufacturer": "",
      "in_stock": true,
      "weight_kg": null,
      "dimensions_cm": {
        "length": null,
        "width": null,
        "height": null
      }
    },
    {
      "id": 105,
      "name": "Multiple Purpose Chaff Cutter",
      "type": "simple",
      "sale_price": null,
      "regular_price": 70000,
      "currency": "Ksh",
      "images": [],
      "brand": "",
      "categories": "Feed Machines",
      "short_description": "",
      "description": "",
      "sku": "PEH105",
      "barcode": "",
      "manufacturer": "",
      "in_stock": true,
      "weight_kg": null,
      "dimensions_cm": {
        "length": null,
        "width": null,
        "height": null
      }
    },
    {
      "id": 106,
      "name": "1056 Egg Incubator",
      "type": "simple",
      "sale_price": null,
      "regular_price": 80000,
      "currency": "Ksh",
      "images": [],
      "brand": "",
      "categories": "Incubators",
      "short_description": "",
      "description": "",
      "sku": "PEH106",
      "barcode": "",
      "manufacturer": "",
      "in_stock": true,
      "weight_kg": null,
      "dimensions_cm": {
        "length": null,
        "width": null,
        "height": null
      }
    },
    {
      "id": 107,
      "name": "90cm Chicken Plucker",
      "type": "simple",
      "sale_price": null,
      "regular_price": 65000,
      "currency": "Ksh",
      "images": [],
      "brand": "",
      "categories": "Chicken Pluckers",
      "short_description": "",
      "description": "",
      "sku": "PEH107",
      "barcode": "",
      "manufacturer": "",
      "in_stock": true,
      "weight_kg": null,
      "dimensions_cm": {
        "length": null,
        "width": null,
        "height": null
      }
    },
    {
      "id": 108,
      "name": "528 Egg Incubator Fully Automatic",
      "type": "simple",
      "sale_price": null,
      "regular_price": 60000,
      "currency": "Ksh",
      "images": [],
      "brand": "",
      "categories": "Incubators",
      "short_description": "",
      "description": "",
      "sku": "PEH108",
      "barcode": "",
      "manufacturer": "",
      "in_stock": true,
      "weight_kg": null,
      "dimensions_cm": {
        "length": null,
        "width": null,
        "height": null
      }
    },
    {
      "id": 109,
      "name": "56 Egg Incubator AC/DC Solar Powered",
      "type": "simple",
      "sale_price": null,
      "regular_price": 12000,
      "currency": "Ksh",
      "images": [],
      "brand": "",
      "categories": "Incubators",
      "short_description": "",
      "description": "",
      "sku": "PEH109",
      "barcode": "",
      "manufacturer": "",
      "in_stock": true,
      "weight_kg": null,
      "dimensions_cm": {
        "length": null,
        "width": null,
        "height": null
      }
    },
    {
      "id": 110,
      "name": "64 Egg Incubator AC/DC Fully Automatic",
      "type": "simple",
      "sale_price": null,
      "regular_price": 14000,
      "currency": "Ksh",
      "images": [],
      "brand": "",
      "categories": "Incubators",
      "short_description": "",
      "description": "",
      "sku": "PEH110",
      "barcode": "",
      "manufacturer": "",
      "in_stock": true,
      "weight_kg": null,
      "dimensions_cm": {
        "length": null,
        "width": null,
        "height": null
      }
    },
    {
      "id": 111,
      "name": "150kg Extruder Machine",
      "type": "simple",
      "sale_price": null,
      "regular_price": 450000,
      "currency": "Ksh",
      "images": [],
      "brand": "",
      "categories": "Extruders",
      "short_description": "",
      "description": "",
      "sku": "PEH111",
      "barcode": "",
      "manufacturer": "",
      "in_stock": true,
      "weight_kg": null,
      "dimensions_cm": {
        "length": null,
        "width": null,
        "height": null
      }
    },
    {
      "id": 112,
      "name": "1056 Egg Incubator with Fully Hatchery",
      "type": "simple",
      "sale_price": null,
      "regular_price": 85000,
      "currency": "Ksh",
      "images": [],
      "brand": "",
      "categories": "Incubators",
      "short_description": "",
      "description": "",
      "sku": "PEH112",
      "barcode": "",
      "manufacturer": "",
      "in_stock": true,
      "weight_kg": null,
      "dimensions_cm": {
        "length": null,
        "width": null,
        "height": null
      }
    },
    {
      "id": 113,
      "name": "192 Egg Incubator Fully Automatic",
      "type": "simple",
      "sale_price": null,
      "regular_price": 26000,
      "currency": "Ksh",
      "images": [],
      "brand": "",
      "categories": "Incubators",
      "short_description": "",
      "description": "",
      "sku": "PEH113",
      "barcode": "",
      "manufacturer": "",
      "in_stock": true,
      "weight_kg": null,
      "dimensions_cm": {
        "length": null,
        "width": null,
        "height": null
      }
    },
    {
      "id": 114,
      "name": "Chick Drinker 1L",
      "type": "simple",
      "sale_price": 250,
      "regular_price": 300,
      "currency": "Ksh",
      "images": [],
      "brand": "",
      "categories": "Feeders and Drinkers",
      "short_description": "",
      "description": "",
      "sku": "PEH114",
      "barcode": "",
      "manufacturer": "",
      "in_stock": true,
      "weight_kg": null,
      "dimensions_cm": {
        "length": null,
        "width": null,
        "height": null
      }
    },
    {
      "id": 115,
      "name": "Chick Feeder 3kg",
      "type": "simple",
      "sale_price": 550,
      "regular_price": 650,
      "currency": "Ksh",
      "images": [],
      "brand": "",
      "categories": "Feeders and Drinkers",
      "short_description": "",
      "description": "",
      "sku": "PEH115",
      "barcode": "",
      "manufacturer": "",
      "in_stock": true,
      "weight_kg": null,
      "dimensions_cm": {
        "length": null,
        "width": null,
        "height": null
      }
    },
    {
      "id": 116,
      "name": "Chick's Feeding Tray",
      "type": "simple",
      "sale_price": 450,
      "regular_price": 500,
      "currency": "Ksh",
      "images": [],
      "brand": "",
      "categories": "Feeders and Drinkers",
      "short_description": "",
      "description": "",
      "sku": "PEH116",
      "barcode": "",
      "manufacturer": "",
      "in_stock": true,
      "weight_kg": null,
      "dimensions_cm": {
        "length": null,
        "width": null,
        "height": null
      }
    },
    {
      "id": 117,
      "name": "Broiler Feeder 5kg",
      "type": "simple",
      "sale_price": 650,
      "regular_price": 700,
      "currency": "Ksh",
      "images": [],
      "brand": "",
      "categories": "Feeders and Drinkers",
      "short_description": "",
      "description": "",
      "sku": "PEH117",
      "barcode": "",
      "manufacturer": "",
      "in_stock": true,
      "weight_kg": null,
      "dimensions_cm": {
        "length": null,
        "width": null,
        "height": null
      }
    }
  ]
}
